     1	covv_collection_date
     2	Collection date
     3	2020-12-12
     4	2020-12-12
     5	2020-11-30
     6	2020-12-01
     7	2021-01-20
     8	2021-01-25
     9	2020-12-27
    10	2020-12-28
    11	2021-01-04
    12	2021-01-04
    13	2021-01-06
    14	2021-01-08
    15	2021-01-08
    16	2021-01-08
    17	2021-01-08
    18	2021-01-08
    19	2021-01-08
    20	2021-01-09
    21	2021-01-10
    22	2021-01-05
    23	2021-01-07
    24	2021-01-07
    25	2021-01-07
    26	2021-01-08
    27	2021-01-08
    28	2021-01-09
    29	2021-01-11
    30	2021-01-13
    31	2020
    32	2020
    33	2020
    34	2020
    35	2021-01-20
    36	2021-01-20
    37	2021-01-20
    38	2021-01-20
    39	2021-01-20
    40	2021-01-20
    41	2021-01-15
    42	2021-01-15
    43	2021-01-18
    44	2021-01-14
    45	2020
    46	2020
    47	2020
    48	2020
    49	2020
    50	2020
    51	2020
    52	2020
    53	2020
    54	2020
    55	2021-01-14
    56	2021-01-15
    57	2021-01-18
    58	2021-01-16
    59	2021-01-13
    60	2021-01-16
    61	2021-01-15
    62	2021-01-16
    63	2021-01-16
    64	2021-01-13
    65	2021-01-14
    66	2021-01-14
    67	2021-01-15
    68	2021-01-16
    69	2021-01-17
    70	2021-01-18
    71	2021-01-17
    72	2020-12-18
    73	2020-12-27
    74	2020-12-09
    75	2021-01-17
    76	2021-01-13
    77	2021
    78	2021
    79	2021
    80	2020-12-08
    81	2020-12-08
    82	2020-12-15
    83	2020-12-06
    84	2020-12-03
    85	2020-12-10
    86	2020-12-06
    87	2020-12-15
    88	2021-01-08
    89	2021-01-05
    90	2021-01-05
    91	2021-01-05
    92	2021-01-05
    93	2020-12-27
    94	2020-12-27
    95	2020-12-27
    96	2020-12-22
    97	2020-12-22
    98	2020-12-22
    99	2020-12-21
   100	2020-12-21
   101	2020-12-18
   102	2020-12-16
   103	2020-12-16
   104	2020-12-14
   105	2020-12-14
   106	2020-11-02
   107	2020-11-02
   108	2020-10-30
   109	2020
   110	2020-10-25
   111	2020-10-29
   112	2020-10-16
   113	2020-10-20
   114	2021-01-12
   115	2021-01-12
   116	2021-01-12
   117	2021-01-12
   118	2021
   119	2021-01-13
   120	2021-01-12
   121	2021
   122	2021-01-17
   123	2021-01-17
   124	2021-01-17
   125	2021-01-17
   126	2021-01-17
   127	2021-01-17
   128	2021-01-18
   129	2021-01-18
   130	2021-01-15
   131	2020-10-19
   132	2020-10-21
   133	2020-10-24
   134	2020-10-16
   135	2020-10-28
   136	2020-11-01
   137	2020-11-03
   138	2020-11-02
   139	2020-10-23
   140	2020-10-27
   141	2020-11-01
   142	2020-10-29
   143	2020-11-05
   144	2020-11-08
   145	2020-11-06
   146	2020-11-09
   147	2020-10-23
   148	2020-10-30
   149	2020-10-29
   150	2020-10-31
   151	2020-11-01
   152	2020-11-13
   153	2020-11-13
   154	2020-11-06
   155	2020-10-18
   156	2020-10-16
   157	2020-10-16
   158	2020-10-28
   159	2020-11-08
   160	2020-12-11
   161	2020-10-27
   162	2020-11-03
   163	2020-10-31
   164	2020-11-05
   165	2020-10-24
   166	2020-10-27
   167	2020-11-13
   168	2020-10-24
   169	2020-11-06
   170	2020-10-19
   171	2020-10-25
   172	2020-10-23
   173	2020-11-11
   174	2020-10-24
   175	2020-11-11
   176	2020-11-09
   177	2020-10-10
   178	2020-10-17
   179	2020-10-29
   180	2020-10-30
   181	2020-11-01
   182	2020-11-11
   183	2020-11-12
   184	2020-10-19
   185	2020-10-21
   186	2020-10-26
   187	2021-01-16
   188	2021-01-16
   189	2021-01-18
   190	2020-12-11
   191	2020-12-13
   192	2020-12-13
   193	2020-12-15
   194	2020-12-15
   195	2020-12-16
   196	2020-12-17
   197	2020-12-18
   198	2020-12-18
   199	2020-12-19
   200	2020-12-19
   201	2020-12-19
   202	2021
   203	2021
   204	2021
   205	2021
   206	2021
   207	2021
   208	2021
   209	2021
   210	2020-10-21
   211	2020-11-04
   212	2020-10-21
   213	2020-10-22
   214	2021-01-12
   215	2021
   216	2021-01-11
   217	2021-01-12
   218	2021
   219	2021-01-17
   220	2021-01-17
   221	2021-01-17
   222	2021-01-17
   223	2020-12-13
   224	2021-01-17
   225	2020-12-11
   226	2021-01-17
   227	2020-12-13
   228	2020-12-13
   229	2020-12-13
   230	2020-12-14
   231	2020-12-19
   232	2020-12-19
   233	2021
   234	2021
   235	2021
   236	2021
   237	2021
   238	2021
   239	2021
   240	2021
   241	2021
   242	2020-10-23
   243	2020-10-16
   244	2020-10-19
   245	2020-10-22
   246	2020-10-24
   247	2020-10-23
   248	2020-10-23
   249	2021-01-10
   250	2021-01-12
   251	2021-01-16
   252	2020-12-11
   253	2020-12-13
   254	2020-12-16
   255	2021
   256	2020-10-26
   257	2020-11-14
   258	2020-10-16
   259	2020-11-02
   260	2020-11-04
   261	2021-01-10
   262	2021-01-17
   263	2020-12-16
   264	2021
   265	2021
   266	2021-01-13
   267	2021-01-14
   268	2021
   269	2021-01-10
   270	2021-01-10
   271	2021-01-11
   272	2021-01-09
   273	2021-01-09
   274	2021-01-09
   275	2021-01-14
   276	2021
   277	2021
   278	2021-01-18
   279	2021-01-24
   280	2021
   281	2021
   282	2021
   283	2021-01-15
   284	2021-01-15
   285	2021-01-27
   286	2021-01-27
   287	2020-12-13
   288	2020-12-15
   289	2020-12-24
   290	2021-01-26
   291	2021-01-25
   292	2021-01-25
   293	2021-01-28
   294	2021
   295	2021
   296	2021
   297	2021
   298	2021
   299	2021-01-20
   300	2021-01-20
   301	2021-01-20
   302	2021-01-20
   303	2021-01-20
   304	2021-01-20
   305	2021-01-20
   306	2021-01-20
   307	2021-01-20
   308	2021-01-20
   309	2021-01-20
   310	2021-01-20
   311	2021-01-20
   312	2021-01-20
   313	2021-01-20
   314	2021-01-20
   315	2021-01-20
   316	2021-01-20
   317	2021-01-20
   318	2021-01-20
   319	2021-01-20
   320	2021-01-20
   321	2021-01-23
   322	2021-01-23
   323	2021-01-23
   324	2021-01-23
   325	2021-01-23
   326	2021-01-23
   327	2021-01-23
   328	2021-01-24
   329	2021-01-24
   330	2021-01-24
   331	2021-01-30
   332	2021-01-30
   333	2021-01-30
   334	2021-01-30
   335	2021-01-30
   336	2021
   337	2021
   338	2021
   339	2021
   340	2021
   341	2021
   342	2021
   343	2021
   344	2021-01-24
   345	2021-01-19
   346	2021-01-26
   347	2021-01-26
   348	2021-01-26
   349	2021-01-25
   350	2021-01-22
   351	2021-01-19
   352	2021-01-17
   353	2021-01-18
   354	2021-01-18
   355	2021-01-22
   356	2021-01-28
   357	2021-01-29
   358	2021-01-29
   359	2021-01-29
   360	2021-01-02
   361	2021-01-21
   362	2021-09-01
   363	2021-01-21
   364	2021-01-30
   365	2021-01-02
   366	2021-01-24
   367	2021-01-17
   368	2021-01-24
   369	2021-01-24
   370	2021
   371	2021
   372	2021
   373	2021
   374	2021-01-19
   375	2021-01-19
   376	2021-01-19
   377	2021-01-19
   378	2021-01-21
   379	2021-01-21
   380	2021-01-21
   381	2021-01-21
   382	2021-01-21
   383	2021-01-25
   384	2021-01-25
   385	2021-01-25
   386	2021-01-25
   387	2021-01-20
   388	2021-01-22
   389	2021-01-20
   390	2021-01-22
   391	2021-01-20
   392	2021-01-18
   393	2021-01-18
   394	2021
   395	2021
   396	2021
   397	2021
   398	2021
   399	2021
   400	2021-01-17
   401	2021-01-17
   402	2021-01-23
   403	2021-01-18
   404	2021-01-25
   405	2021-01-25
   406	2021-01-23
   407	2021-01-27
   408	2021-01-28
   409	2021
   410	2021
   411	2021
   412	2021
   413	2021-01-22
   414	2021-01-22
   415	2021-01-22
   416	2021
   417	2021-01-12
   418	2021-01-29
   419	2021-01-29
   420	2021-01-29
   421	2021-01-02
   422	2021-01-02
   423	2021-01-13
   424	2021-02-02
   425	2021-01-12
   426	2021-01-12
   427	2021-01-12
   428	2021-01-14
   429	2021-01-16
   430	2021-01-16
   431	2021-02-02
   432	2021-02-02
   433	2021-02-02
   434	2020-11-10
   435	2021-01-27
   436	2021
   437	2021
   438	2021
   439	2021
   440	2021
   441	2021
   442	2021-02-02
   443	2021-02-04
   444	2020
   445	2020
   446	2020
   447	2021-02-05
   448	2020-11-18
   449	2021-01-19
   450	2021-01-19
   451	2021-01-19
   452	2020-12-28
   453	2020-12-18
   454	2021-01-13
   455	2021-01-11
   456	2021-01-26
   457	2021-01-05
   458	2021-01-05
   459	2021-01-08
   460	2021-01-11
   461	2021-01-12
   462	2021-01-15
   463	2021-01-15
   464	2021-01-16
   465	2021-01-17
   466	2021-01-18
   467	2021-01-19
   468	2021-01-18
   469	2021-01-19
   470	2021-01-22
   471	2021-01-25
   472	2021-01-26
   473	2021-01-25
   474	2021-01-29
   475	2021-01-27
   476	2021-01-27
   477	2021-01-27
   478	2021-01-27
   479	2021-01-27
   480	2021-01-27
   481	2021-01-28
   482	2021-01-28
   483	2021-01-28
   484	2021-02-07
   485	2021-01-09
   486	2021-01-09
   487	2021-01-10
   488	2021-01-11
   489	2021-01-11
   490	2021-01-12
   491	2021-01-13
   492	2021-01-15
   493	2021-01-15
   494	2021-01-17
   495	2021-01-18
   496	2021-01-18
   497	2021-01-19
   498	2021-01-19
   499	2021-01-20
   500	2021-01-20
   501	2021-01-22
   502	2021-01-23
   503	2021-01-23
   504	2021-01-24
   505	2021-01-25
   506	2021-01-25
   507	2021-01-26
   508	2021-01-26
   509	2021-01-27
   510	2021-01-27
   511	2021-01-28
   512	2021-01-28
   513	2021-01-29
   514	2021-01-29
   515	2021-01-30
   516	2021-01-30
   517	2021-01-31
   518	2021-01-31
   519	2021-01-31
   520	2021-01-31
   521	2021-01-31
   522	2021-01-31
   523	2021-02-01
   524	2021-02-01
   525	2021-02-01
   526	2021-02-01
   527	2021-02-02
   528	2021-02-04
   529	2021-02-06
   530	2021-02-06
   531	2021-02-06
   532	2021-01-11
   533	2021-01-21
   534	2021-01-24
   535	2021-01-31
   536	2021-01-31
   537	2021-02-04
   538	2021-02-04
   539	2021-02-04
   540	2021-02-06
   541	2020-10-23
   542	2020-10-23
   543	2020-10-24
   544	2020-10-24
   545	2020-10-24
   546	2020-10-22
   547	2020-10-22
   548	2020-08-14
   549	2020-08-15
   550	2020-08-21
   551	2020-08-22
   552	2020-08-27
   553	2020-08-28
   554	2020-08-28
   555	2020-08-30
   556	2021-01-22
   557	2021-01-31
   558	2021-02-04
   559	2021-02-06
   560	2020-08-16
   561	2020-08-19
   562	2020-08-18
   563	2020-09-17
   564	2020-10-22
   565	2021-02-06
   566	2021-02-06
   567	2021-02-06
   568	2021-06-02
   569	2021-06-02
   570	2021-06-02
   571	2020-10-23
   572	2020-10-24
   573	2020-10-24
   574	2020-10-24
   575	2020-10-24
   576	2020-10-22
   577	2020-10-22
   578	2020-10-22
   579	2020-10-22
   580	2020-10-22
   581	2020-10-22
   582	2020-08-17
   583	2020-08-20
   584	2020-08-21
   585	2020-08-23
   586	2020-08-25
   587	2020-08-30
   588	2020-01-09
   589	2020-01-09
   590	2020-02-09
   591	2020-04-09
   592	2020-12-09
   593	2020-12-09
   594	2020-09-14
   595	2020-09-19
   596	2020-09-21
   597	2020-09-27
   598	2020-09-28
   599	2020-09-29
   600	2020-10-23
   601	2020-07-09
   602	2020-09-09
   603	2020-09-09
   604	2020-09-14
   605	2020-09-18
   606	2020-09-19
   607	2020-09-25
   608	2020-10-20
   609	2020-10-20
   610	2020-10-21
   611	2020-10-23
   612	2021-01-24
   613	2021-03-02
   614	2021-03-02
   615	2021-04-02
   616	2021-04-02
   617	2021-04-02
   618	2021-04-02
   619	2021-06-02
   620	2021-09-02
   621	2021-09-02
   622	2021-09-02
   623	2021-05-02
   624	2021-08-02
   625	2021-08-02
   626	2021-08-02
   627	2021
   628	2021
   629	2021
   630	2021
   631	2021
   632	2021
   633	2021-06-02
   634	2021-01-27
   635	2021-12-01
   636	2021-01-13
   637	2021-01-17
   638	2021-01-21
   639	2021-01-18
   640	2021-01-13
   641	2021-01-15
   642	2021-01-13
   643	2021-01-23
   644	2021-01-18
   645	2021-01-15
   646	2021-01-13
   647	2021
   648	2021
   649	2021
   650	2021
   651	2021
   652	2021
   653	2021
   654	2021
   655	2021
   656	2021
   657	2021
   658	2021
   659	2021
   660	2021
   661	2021
   662	2021
   663	2021
   664	2021
   665	2021
   666	2021
   667	2021
   668	2021
   669	2021
   670	2021-01-18
   671	2021-01-19
   672	2021-01-19
   673	2020-12-28
   674	2020-11-27
   675	2020-11-26
   676	2020-11-24
   677	2021-01-29
   678	2021-01-30
   679	2021-02-02
   680	2021-03-02
   681	2021-03-02
   682	2021-03-02
   683	2021-03-02
   684	2021-03-02
   685	2021-01-14
   686	2021
   687	2021
   688	2021
   689	2021
   690	2021
   691	2021
   692	2021
   693	2021
   694	2021
   695	2021
   696	2021
   697	2021
   698	2021
   699	2021
   700	2021
   701	2021
   702	2021
   703	2021
   704	2021
   705	2021
   706	2021
   707	2021
   708	2021
   709	2021
   710	2021
   711	2021-01-20
   712	2021-01-20
   713	2021-11-01
   714	2021-01-19
   715	2021-01-21
   716	2021-01-18
   717	2020-10-12
   718	2020-04-12
   719	2020-06-12
   720	2020-06-12
   721	2020-06-12
   722	2020-08-12
   723	2020-06-12
   724	2020-06-12
   725	2020-06-12
   726	2021
   727	2021-01-19
   728	2021-01-21
   729	2021-01-23
   730	2021-01-24
   731	2021
   732	2021
   733	2021
   734	2021-01-18
   735	2021-01-18
   736	2021
   737	2021
   738	2020-01-12
   739	2020-02-12
   740	2020-04-12
   741	2020-06-12
   742	2020-07-12
   743	2020-08-12
   744	2020-09-12
   745	2020-12-11
   746	2020-12-13
   747	2020-12-15
   748	2020-12-16
   749	2020-12-17
   750	2020-12-18
   751	2020-12-19
   752	2020-12-20
   753	2020-12-21
   754	2020-12-22
   755	2020-12-23
   756	2020-12-24
   757	2020-12-25
   758	2020-12-27
   759	2020-12-28
   760	2020-12-29
   761	2020-12-30
   762	2020-12-31
   763	2021
   764	2021
   765	2021-11-02
   766	2021-06-02
   767	2021-06-02
   768	2021-06-02
   769	2021-06-02
   770	2021-06-02
   771	2021-06-02
   772	2021-06-02
   773	2021-06-02
   774	2021-06-02
   775	2021-06-02
   776	2021-06-02
   777	2021-06-02
   778	2021-06-02
   779	2021-11-02
   780	2021-11-02
   781	2021-11-02
   782	2021-11-02
   783	2021
   784	2021
   785	2021
   786	2021
   787	2021
   788	2021
   789	2020-10-28
   790	2020-04-11
   791	2020-10-27
   792	2020
   793	2020-10-29
   794	2020-10-30
   795	2020-10-24
   796	2020-10-14
   797	2020-10-21
   798	2020-10-22
   799	2020-10-13
   800	2020-08-10
   801	2020-05-11
   802	2020-06-10
   803	2020-10-19
   804	2020-10-25
   805	2020-10-09
   806	2021-08-01
   807	2021-10-01
   808	2021-10-01
   809	2021-11-01
   810	2021-11-01
   811	2021-11-01
   812	2021-11-01
   813	2021-11-01
   814	2021-12-01
   815	2021-01-13
   816	2021-01-16
   817	2021-01-18
   818	2020-07-12
   819	2020-12-15
   820	2020-12-16
   821	2020-12-16
   822	2020-12-16
   823	2020-12-17
   824	2020-12-22
   825	2020-12-24
   826	2021-02-01
   827	2021-03-01
   828	2021-03-01
   829	2021-03-01
   830	2021-03-01
   831	2021
   832	2021
   833	2021
   834	2021
   835	2021
   836	2021
   837	2021
   838	2021
   839	2021-01-19
   840	2021
   841	2021
   842	2021
   843	2021
   844	2021-01-14
   845	2021-01-13
   846	2021-01-13
   847	2021-11-01
   848	2021
   849	2021
   850	2020-01-08
   851	2020-01-09
   852	2020-01-10
   853	2020-03-10
   854	2020-03-10
   855	2020-09-10
   856	2020-09-10
   857	2020-01-10
   858	2020-01-10
   859	2020-01-10
   860	2020-03-10
   861	2020-09-10
   862	2020-08-09
   863	2020-03-10
   864	2020-09-30
   865	2020-08-21
   866	2020-01-10
   867	2020-01-08
   868	2020-08-21
   869	2020-09-14
   870	2021-10-02
   871	2020-08-16
   872	2020-08-31
   873	2020-03-09
   874	2020-09-14
   875	2020-09-27
   876	2020-09-27
   877	2020-03-10
   878	2020-09-17
   879	2020-09-23
   880	2020-09-27
   881	2020-09-30
   882	2020-10-09
   883	2020-09-30
   884	2021-11-02
   885	2021-02-14
   886	2020-10-31
   887	2020-10-17
   888	2021-07-01
   889	2020-01-08
   890	2020-03-09
   891	2020-03-09
   892	2020-03-10
   893	2020-03-10
   894	2020-04-07
   895	2020-09-10
   896	2020-07-30
   897	2020-09-08
   898	2020-10-09
   899	2020-06-08
   900	2020-09-14
   901	2020-09-14
   902	2021-02-16
   903	2021-02-16
   904	2021-02-14
   905	2021-02-15
   906	2020-01-11
   907	2020-02-11
   908	2021-04-01
   909	2021-12-01
   910	2021-01-19
   911	2021-11-02
   912	2021-11-02
   913	2021-11-02
   914	2021-11-02
   915	2021-11-02
   916	2021-11-02
   917	2021-11-02
   918	2021-11-02
   919	2020-10-11
   920	2021-02-19
   921	2020-10-23
   922	2021-02-21
   923	2021-12-01
   924	2021-02-19
   925	2021-01-19
   926	2021-02-19
   927	2021-11-02
   928	2021-11-02
   929	2020-10-18
   930	2020-10-12
   931	2020-10-07
   932	2021-02-16
   933	2021-02-16
   934	2021-02-16
   935	2021-02-16
   936	2021-02-16
   937	2021-02-16
   938	2021-02-16
   939	2021-02-19
   940	2021-02-20
   941	2021-02-20
   942	2021-02-20
   943	2021-02-20
   944	2021-02-20
   945	2021-02-20
   946	2021-02-20
   947	2021-02-21
   948	2021-02-21
   949	2021-02-21
   950	2021-02-21
   951	2021-02-21
   952	2021-02-21
   953	2021-02-21
   954	2020-06-08
   955	2020-09-30
   956	2020-09-30
   957	2020
   958	2020
   959	2021-11-02
   960	2021-11-02
   961	2020-10-15
   962	2021-02-16
   963	2021-02-16
   964	2021-02-21
   965	2020-09-30
   966	2021-02-17
   967	2021-02-21
   968	2021-02-21
   969	2021-02-21
   970	2021-02-17
   971	2020-09-14
   972	2021-03-02
   973	2021-02-02
   974	2021-04-02
   975	2021-03-02
   976	2021-04-02
   977	2021-04-02
   978	2021-04-02
   979	2021-06-02
   980	2021-07-02
   981	2021-08-02
   982	2021-08-02
   983	2020-12-18
   984	2021-07-01
   985	2021-01-18
   986	2021-01-15
   987	2021-01-22
   988	2021-01-07
   989	2021-01-09
   990	2021-02-16
   991	2021-02-19
   992	2020
   993	2020
   994	2020
   995	2020
   996	2020
   997	2020
   998	2021-01-17
   999	2021-04-02
  1000	2021-05-02
  1001	2021-11-01
  1002	2021-12-01
  1003	2021-01-21
  1004	2021-01-21
  1005	2021-01-21
  1006	2021-01-20
  1007	2021-01-22
  1008	2021-01-22
  1009	2021-01-22
  1010	2021-01-22
  1011	2021-01-22
  1012	2021-01-22
  1013	2021-01-23
  1014	2021-11-02
  1015	2021-02-17
  1016	2021-02-17
  1017	2021-02-16
  1018	2021-11-02
  1019	2021
  1020	2021
  1021	2021
  1022	2021
  1023	2021
  1024	2021
  1025	2021
  1026	2021-05-01
  1027	2021-04-01
  1028	2021-01-19
  1029	2021-07-01
  1030	2021-01-22
  1031	2021-06-02
  1032	2021-06-01
  1033	2021-01-22
  1034	2021
  1035	2021
  1036	2021
  1037	2021
  1038	2021
  1039	2021
  1040	2021
  1041	2021
  1042	2021
  1043	2021
  1044	2021
  1045	2021-11-02
  1046	2021-02-14
  1047	2021-02-14
  1048	2021-02-15
  1049	2021-02-15
  1050	2021-11-02
  1051	2021-02-19
  1052	2021-02-15
  1053	2021-02-23
  1054	2021-02-24
  1055	2021-02-25
  1056	2021-02-26
  1057	2021-02-25
  1058	2021-02-25
  1059	2021-02-25
  1060	2021-02-24
  1061	2021-02-25
  1062	2021-02-20
  1063	2021-01-13
  1064	2021-01-15
  1065	2021-01-13
  1066	2021-02-18
  1067	2021-01-23
  1068	2021
  1069	2021-01-19
  1070	2021-01-16
  1071	2021-01-18
  1072	2021-01-15
  1073	2021-01-02
  1074	2021-07-01
  1075	2020-12-21
  1076	2020-12-28
  1077	2021-09-01
  1078	2021-09-01
  1079	2021-02-13
  1080	2020-02-16
  1081	2020-02-16
  1082	2020-02-16
  1083	2020-02-17
  1084	2020-02-17
  1085	2020-02-18
  1086	2020-02-18
  1087	2020-02-20
  1088	2020-02-20
  1089	2020-02-15
  1090	2020-02-15
  1091	2021
  1092	2021
  1093	2021
  1094	2021
  1095	2021
  1096	2021
  1097	2021
  1098	2021
  1099	2021
  1100	2021
  1101	2021
  1102	2021
  1103	2021-11-02
  1104	2021-01-25
  1105	2021-01-28
  1106	2021-01-28
  1107	2021-03-03
  1108	2021-02-26
  1109	2021-03-03
  1110	2021-03-02
  1111	2021-03-02
  1112	2021-03-02
  1113	2021-03-02
  1114	2021-02-03
  1115	2021-02-26
  1116	2021-02-26
  1117	2021-02-27
  1118	2021-02-15
  1119	2021-03-04
  1120	2021-03-05
  1121	2021-03-05
  1122	2021-03-05
  1123	2021-03-05
  1124	2021-03-05
  1125	2021-03-05
  1126	2021-03-05
  1127	2021-01-19
  1128	2021-02-05
  1129	2021-02-17
  1130	2021-02-17
  1131	2021-02-17
  1132	2021-02-17
